epoch,start_time,end_time,first_block_time,last_block_time,block_count,tx_count,output,fees,active_stake,avg_transaction_cost
1,1506635091,1507067091,1506635091,1507067071,21590,12870,101402912214.21422,1033.002678,,0.0802643883449883
2,1507067091,1507499091,1507067091,1507499071,21599,4292,63479608908.42477,503.075439,,0.1172123576421248
3,1507499091,1507931091,1507499091,1507931071,21598,3293,41495794265.4223,426.081777,,0.1293901539629517
4,1507931091,1508363091,1507931091,1508363071,21601,3524,56099901221.41393,534.384914,,0.1516415760499432
5,1508363091,1508795091,1508363091,1508795071,21599,2608,26501823739.220192,394.113514,,0.1511171449386503
6,1508795091,1509227091,1508795091,1509227071,21601,2404,20047784722.009724,376.856464,,0.1567622562396006
7,1509227091,1509659091,1509227091,1509659071,21600,2645,141738338747.11145,426.958601,,0.1614210211720226
8,1509659091,1510091091,1509659091,1510091071,21601,1989,12976783871.788324,318.476948,,0.1601191292106586
9,1510091091,1510523091,1510091091,1510523071,21601,2225,17256206984.20618,356.218433,,0.1600981721348314
10,1510523091,1510955091,1510523091,1510955071,21601,2080,24982128904.89555,336.871339,,0.1619573745192307
11,1510955091,1511387091,1510955091,1511387071,21594,2570,24328886482.41571,425.042257,,0.1653860922178988
12,1511387091,1511819091,1511387091,1511819071,21600,3363,15578162709.745209,563.25159,,0.1674848617305976
13,1511819091,1512251091,1511819091,1512251071,21599,11949,59702502610.75079,2019.279136,,0.168991475102519
14,1512251091,1512683091,1512251091,1512683071,21600,14065,105431415523.00027,2404.351008,,0.1709456813366512
15,1512683091,1513115091,1512683091,1513115071,21597,13487,60988599697.82864,2316.080241,,0.171726865944984
16,1513115091,1513547091,1513115091,1513547071,21599,27826,123964040271.49342,4798.725744,,0.1724547453460792
17,1513547091,1513979091,1513547091,1513979071,21598,40972,97196496873.55984,7007.563656,,0.1710329897490969
18,1513979091,1514411091,1513979091,1514411071,21601,24555,35902611008.6779,4187.89541,,0.1705516355121156
19,1514411091,1514843091,1514411091,1514843071,21597,22136,33234287940.816696,3786.897619,,0.1710741605981207
20,1514843091,1515275091,1514843091,1515275071,21601,15278,23015805448.004738,2615.359653,,0.1711846873281843
21,1515275091,1515707091,1515275091,1515707071,21599,21655,35816106158.394264,3708.172798,,0.1712386422535211
22,1515707091,1516139091,1515707091,1516139071,21596,26396,27203526427.37035,4523.696405,,0.1713781029322624
23,1516139091,1516571091,1516139091,1516571071,21599,22391,20522364287.19529,3836.191709,,0.1713273953374123
24,1516571091,1517003091,1516571091,1517003071,21600,14366,22526189027.44328,2487.052118,,0.1731207098705276
25,1517003091,1517435091,1517003091,1517435071,21594,13616,13900722596.302387,2367.565195,,0.1738811100910693
26,1517435091,1517867091,1517435091,1517867071,21600,13451,18990219011.75424,2345.776166,,0.1743941837781577
27,1517867091,1518299091,1517867091,1518299071,21600,11764,424616166073.7568,2569.129311,,0.2183890947806868
28,1518299091,1518731091,1518299091,1518731071,21601,12247,390366619371.0754,2154.338991,,0.1759074868130971
29,1518731091,1519163091,1518731091,1519163071,21600,11665,334686909910.2185,2051.266576,,0.1758479705100728
30,1519163091,1519595091,1519163091,1519595071,21600,9775,240519924924.52856,1715.506921,,0.175499429258312
31,1519595091,1520027091,1519595091,1520027071,21601,15869,378195329177.7554,2793.062685,,0.1760074790471989
32,1520027091,1520459091,1520027091,1520459071,21598,13325,224304381076.78287,2345.621089,,0.1760316014258912
33,1520459091,1520891091,1520459091,1520891071,21596,13352,184047057976.05032,2354.883552,,0.1763693493109646
34,1520891091,1521323091,1520891091,1521323071,21594,11714,93476401676.73216,2070.489051,,0.1767533763872289
35,1521323091,1521755091,1521323091,1521755071,21600,14112,76842334014.06206,2485.350592,,0.1761161133786848
36,1521755091,1522187091,1521755091,1522187071,21601,11263,52598797254.66951,1992.838691,,0.1769367567255615
37,1522187091,1522619091,1522187091,1522619071,21600,9069,41700160879.19489,1599.795723,,0.1764026599404565
38,1522619091,1523051091,1522619091,1523051071,21601,12084,32069258740.93932,2132.043977,,0.1764352844256868
39,1523051091,1523483091,1523051091,1523483071,21599,9813,14422707991.273865,1730.349126,,0.1763323271170895
40,1523483091,1523915091,1523483091,1523915071,21599,13433,42286401501.01459,2382.798666,,0.177383954887218
41,1523915091,1524347091,1523915091,1524347071,21597,15361,38279864683.81037,2732.052331,,0.1778564111060477
42,1524347091,1524779091,1524347091,1524779071,21599,13176,14569634850.154928,2340.350054,,0.1776221959623558
43,1524779091,1525211091,1524779091,1525211071,21599,15559,22252205049.52454,2774.581052,,0.1783264382029693
44,1525211091,1525643091,1525211091,1525643071,21601,11490,15547839276.813423,2039.746956,,0.1775236689295039
45,1525643091,1526075091,1525643091,1526075071,21599,11257,21999158416.638668,2001.594482,,0.1778088728790974
46,1526075091,1526507091,1526075091,1526507071,21598,9283,15745951370.464848,1640.955574,,0.1767699638048044
47,1526507091,1526939091,1526507091,1526939071,21600,8095,6273355219.19778,1435.650706,,0.1773503033971587
48,1526939091,1527371091,1526939091,1527371071,21601,9559,7306962297.264193,1686.781627,,0.1764600509467517
49,1527371091,1527803091,1527371091,1527803071,21583,10495,8361760831.576402,1862.774748,,0.1774916386850881
50,1527803091,1528235091,1527803091,1528235071,21563,8835,8616999517.121696,1560.412182,,0.1766171117147708
51,1528235091,1528667091,1528235091,1528667071,21599,6240,5241184284.072121,1097.622501,,0.1759010418269231
52,1528667091,1529099091,1528667091,1529099071,21599,9000,126213867399.26073,1614.602208,,0.1794002453333333
53,1529099091,1529531091,1529099091,1529531071,21599,6028,277557056612.364,1071.343473,,0.1777278488719309
54,1529531091,1529963091,1529531091,1529963071,21597,7000,378625746297.73694,1231.973491,,0.1759962129999999
55,1529963091,1530395091,1529963091,1530395071,21599,6811,344665435374.1643,1219.4165,,0.1790363382763177
56,1530395091,1530827091,1530395091,1530827071,21600,7797,280549304643.13385,1376.493215,,0.1765413896370398
57,1530827091,1531259091,1530827091,1531259071,21601,5639,165341763047.14264,992.146314,,0.1759436627061535
58,1531259091,1531691091,1531259091,1531691071,21600,5990,169157491090.01132,1053.171469,,0.1758216141903171
59,1531691091,1532123091,1531691091,1532123071,21589,8956,179147577715.6909,1589.754497,,0.1775072015408664
60,1532123091,1532555091,1532123091,1532555071,21600,9203,102776891091.67155,1624.169913,,0.1764826592415516
61,1532555091,1532987091,1532555091,1532987071,21598,5729,30824680322.422256,1013.460644,,0.1769000949554896
62,1532987091,1533419091,1532987091,1533419071,21595,5855,29602273476.10885,1030.752179,,0.1760464865926558
63,1533419091,1533851091,1533419091,1533851071,21591,4523,13563515182.003763,803.026127,,0.1775428094185275
64,1533851091,1534283091,1533851091,1534283071,21591,6929,87287839621.57576,1226.5612,,0.1770185019483331
65,1534283091,1534715091,1534283091,1534715071,21588,6920,61924981365.76867,1225.243549,,0.1770583163294797
66,1534715091,1535147091,1534715091,1535147071,21587,5989,43238186813.79489,1095.79712,,0.1829682952078811
67,1535147091,1535579091,1535147091,1535579071,21590,6760,23064099660.681343,1396.27055,,0.206548897928994
68,1535579091,1536011091,1535579091,1536011071,21569,6398,11225329496.551212,1139.070493,,0.1780354005939356
69,1536011091,1536443091,1536011091,1536443071,21591,7001,10539081339.126032,1257.039509,,0.1795514225110698
70,1536443091,1536875091,1536443091,1536875071,21588,7628,15374957100.552029,1362.522295,,0.1786211713424226
71,1536875091,1537307091,1536875091,1537307071,21589,6325,11887664365.472197,1122.62921,,0.1774907841897233
72,1537307091,1537739091,1537307091,1537739071,21590,8094,8501917151.660894,1459.549954,,0.1803249263652088
73,1537739091,1538171091,1537739091,1538171071,21587,7944,11209871977.649212,1416.312395,,0.1782870587865055
74,1538171091,1538603091,1538171091,1538603071,21558,7058,9023714437.03368,1255.61163,,0.1778990691413998
75,1538603091,1539035091,1538603091,1539035071,21590,6017,15732724629.642033,1068.203894,,0.1775309778959614
76,1539035091,1539467091,1539035091,1539467071,21594,5741,20086931313.565285,1024.898038,,0.1785225636648667
77,1539467091,1539899091,1539467091,1539899071,21585,7006,26228290124.15073,1273.877897,,0.1818267052526406
78,1539899091,1540331091,1539899091,1540331071,21582,5835,12093791392.78338,1036.953636,,0.1777127053984575
79,1540331091,1540763091,1540331091,1540763071,21589,5960,9890668018.4477,1053.825707,,0.1768163937919463
80,1540763091,1541195091,1540763091,1541195071,21587,6092,11874241442.732847,1101.940736,,0.1808832462245568
81,1541195091,1541627091,1541195091,1541627071,21586,7043,14657399159.86274,1249.718806,,0.1774412616782621
82,1541627091,1542059091,1541627091,1542059071,21588,6088,14878676076.241344,1086.257992,,0.1784260827858081
83,1542059091,1542491091,1542059091,1542491071,21593,6934,38865199703.31699,1232.294405,,0.1777176817132968
84,1542491091,1542923091,1542491091,1542923071,20686,3291,16021217795.147484,576.49136,,0.1751720935885748
85,1542923091,1543355091,1542923091,1543355071,21584,5578,13598095083.089111,989.428267,,0.1773804709573323
86,1543355091,1543787091,1543355091,1543787071,21588,6809,6154360145.887606,1208.108005,,0.1774281105889264
87,1543787091,1544219091,1543787091,1544219071,21586,8452,5161822930.998989,1857.668838,,0.2197904446284903
88,1544219091,1544651091,1544219091,1544651071,21597,5902,4191326755.432956,1039.08286,,0.1760560589630633
89,1544651091,1545083091,1544651091,1545083071,21595,6890,316949535016.62634,1283.338169,,0.1862609824383164
90,1545083091,1545515091,1545083091,1545515071,21601,9410,141542529015.6365,1704.438739,,0.1811305780021254
91,1545515091,1545947091,1545515091,1545947071,21601,8495,18119740707.340336,1546.873504,,0.1820922311948204
92,1545947091,1546379091,1545947091,1546379071,21601,7121,8168216978.963418,1273.424654,,0.1788266611430978
93,1546379091,1546811091,1546379091,1546811071,21601,7948,4874764968.196296,1429.284447,,0.1798294472823352
94,1546811091,1547243091,1546811091,1547243071,21600,9713,8181453261.184757,1757.079307,,0.1808997536291568
95,1547243091,1547675091,1547243091,1547675071,21601,7059,7101488987.110168,1574.8168,,0.2230934693299334
96,1547675091,1548107091,1547675091,1548107071,21600,8086,10238086312.427212,1472.075967,,0.1820524322285431
97,1548107091,1548539091,1548107091,1548539071,21599,6671,7047911449.860645,1191.801438,,0.1786540905411482
98,1548539091,1548971091,1548539091,1548971071,21601,8221,17585023936.052204,1484.11791,,0.1805276620849045
99,1548971091,1549403091,1548971091,1549403071,21600,6045,9749530882.152996,1092.692917,,0.1807597877584781
100,1549403091,1549835091,1549403091,1549835071,21601,6716,4774232447.280576,1219.405092,,0.1815671667659321
101,1549835091,1550267091,1549835091,1550267071,21599,6836,4792168592.136028,1234.891071,,0.1806452707723815
102,1550267091,1550699091,1550267091,1550699071,21601,8097,4273556766.058963,1469.409862,,0.1814758382116833
103,1550699091,1551131091,1550699091,1551131071,21601,7384,4562711856.728056,1343.947986,,0.1820081237811484
104,1551131091,1551563091,1551131091,1551563071,21600,6930,4367031747.479523,1350.682619,,0.1949036968253968
105,1551563091,1551995091,1551563091,1551995071,21600,6806,5326926737.176316,1427.594658,,0.2097553126652953
106,1551995091,1552427091,1551995091,1552427071,21601,10093,12045353924.844368,2038.137135,,0.2019357113841276
107,1552427091,1552859091,1552427091,1552859071,21601,10437,10653903555.84894,2051.173522,,0.1965290334387276
108,1552859091,1553291091,1552859091,1553291071,21594,12290,86196356643.6146,2404.56861,,0.1956524499593165
109,1553291091,1553723091,1553291091,1553723071,21601,14982,46408085419.854095,3035.492317,,0.2026092856093979
110,1553723091,1554155091,1553723091,1554155071,21599,16950,15179346887.503193,3552.148208,,0.209566265958702
111,1554155091,1554587091,1554155091,1554587071,21601,21086,72874279576.5288,4134.303005,,0.1960686239685099
112,1554587091,1555019091,1554587091,1555019071,21598,13926,77980298859.14368,2728.498131,,0.195928344894442
113,1555019091,1555451091,1555019091,1555451071,21601,10929,16720833408.415209,2176.364591,,0.1991366630981791
114,1555451091,1555883091,1555451091,1555883071,21601,12468,11392386930.695972,2464.271497,,0.1976476978665383
115,1555883091,1556315091,1555883091,1556315071,21599,14046,9839129040.557615,2690.631892,,0.19155858550477
116,1556315091,1556747091,1556315091,1556747071,21601,10256,7720442469.588584,1924.204057,,0.1876174002535101
117,1556747091,1557179091,1556747091,1557179071,21597,12441,7888595072.605051,2372.870247,,0.1907298647214854
118,1557179091,1557611091,1557179091,1557611071,21601,13306,4680985731.703528,2524.978223,,0.1897623796031865
119,1557611091,1558043091,1557611091,1558043071,21600,19884,8886853050.38317,3857.70499,,0.1940105104606719
120,1558043091,1558475091,1558043091,1558475071,21597,17302,11733772311.174255,3363.288411,,0.1943872622240203
121,1558475091,1558907091,1558475091,1558907071,21601,16811,12768996156.914791,3231.919658,,0.1922502919516983
122,1558907091,1559339091,1558907091,1559339071,21600,19809,9675667612.264929,3804.470869,,0.1920576944318239
123,1559339091,1559771091,1559339091,1559771071,21600,18347,8850393846.891182,3499.911417,,0.1907620546683381
124,1559771091,1560203091,1559771091,1560203071,21590,15579,6530242276.361343,2929.742585,,0.1880571657359265
125,1560203091,1560635091,1560203091,1560635071,21600,15512,10307981755.389992,3086.761426,,0.1989918402527075
126,1560635091,1561067091,1560635091,1561067071,21601,14740,9842221536.15242,2901.038828,,0.1968140317503392
127,1561067091,1561499091,1561067091,1561499071,21601,17417,11492010941.355854,3358.415211,,0.1928239772061778
128,1561499091,1561931091,1561499091,1561931071,21601,17844,14375263556.715565,3428.606435,,0.1921433778861242
129,1561931091,1562363091,1561931091,1562363071,21601,14959,24909084896.59575,2874.181504,,0.1921372754863293
130,1562363091,1562795091,1562363091,1562795071,21599,15795,24722562845.10185,2964.060631,,0.1876581596074707
131,1562795091,1563227091,1562795091,1563227071,21601,14540,16949547240.419764,2734.022347,,0.1880345493122421
132,1563227091,1563659091,1563227091,1563659071,21601,13579,11064487734.70472,2539.011346,,0.1869807309816628
133,1563659091,1564091091,1563659091,1564091071,21600,10826,9644902428.680872,1995.520934,,0.1843267073711435
134,1564091091,1564523091,1564091091,1564523071,21599,9036,5119520431.495057,1671.625688,,0.1849962027445772
135,1564523091,1564955091,1564523091,1564955071,21601,10740,5395179145.248183,1995.869928,,0.1858351888268156
136,1564955091,1565387091,1564955091,1565387071,21601,11696,6724972829.199056,2256.961435,,0.1929686589432284
137,1565387091,1565819091,1565387091,1565819071,21601,9049,3782280398.705571,1703.631861,,0.1882674175046966
138,1565819091,1566251091,1565819091,1566251071,21601,9484,4288383473.248657,1773.448065,,0.18699368040911
139,1566251091,1566683091,1566251091,1566683071,21601,8851,4437365896.237127,1649.443606,,0.1863567513275336
140,1566683091,1567115091,1566683091,1567115071,21601,9655,5855240090.26849,1800.47856,,0.1864814665976178
141,1567115091,1567547091,1567115091,1567547071,21599,8621,5351079667.554703,1649.609388,,0.1913478004871824
142,1567547091,1567979091,1567547091,1567979071,21601,8707,7094480946.862069,1656.110928,,0.1902045397955667
143,1567979091,1568411091,1567979091,1568411071,21600,7917,9943158844.31974,1529.157114,,0.193148555513452
144,1568411091,1568843091,1568411091,1568843071,21601,8640,4066854291.652619,1703.006417,,0.1971072241898148
145,1568843091,1569275091,1568843091,1569275071,21601,7573,8803502038.104876,1442.660636,,0.1905005461507989
146,1569275091,1569707091,1569275091,1569707071,21600,9642,6036815354.954091,1820.347324,,0.1887935411740303
147,1569707091,1570139091,1569707091,1570139071,21601,7433,4243652529.963318,1392.481746,,0.187337783667429
148,1570139091,1570571091,1570139091,1570571071,21601,9387,2748568451.978892,1715.216106,,0.1827224998402045
149,1570571091,1571003091,1570571091,1571003071,21599,6597,4407485864.773722,1240.080758,,0.1879764677883886
150,1571003091,1571435091,1571003091,1571435071,21601,7075,3404041769.798558,1360.792917,,0.1923382214840989
151,1571435091,1571867091,1571435091,1571867071,21601,7571,2654692166.740613,1421.658239,,0.1877768113855501
152,1571867091,1572299091,1571867091,1572299071,21601,11061,5629131278.331004,2095.302665,,0.1894315762589278
153,1572299091,1572731091,1572299091,1572731071,21600,8776,9596534547.360712,1736.117854,,0.1978256442570647
154,1572731091,1573163091,1572731091,1573163071,21601,9830,8743704888.023111,1861.11321,,0.1893299298067141
155,1573163091,1573595091,1573163091,1573595071,21601,13306,12071601524.128197,2580.066982,,0.1939025238238388
156,1573595091,1574027091,1573595091,1574027071,21601,8934,6215676027.624232,1710.346269,,0.191442385157824
157,1574027091,1574459091,1574027091,1574459071,21600,9575,8223365164.244027,1822.836013,,0.1903745183289817
158,1574459091,1574891091,1574459091,1574891071,21601,10270,18600515822.3738,1960.470457,,0.1908929364167478
159,1574891091,1575323091,1574891091,1575323071,21601,13681,57679286266.09439,2597.20628,,0.1898403830129376
160,1575323091,1575755091,1575323091,1575755071,21085,6080,21506071300.39813,1139.646775,,0.1874419037828947
161,1575755091,1576187091,1575755091,1576187071,21601,6273,8660830526.794598,1185.143982,,0.1889277828790052
162,1576187091,1576619091,1576187091,1576619071,21601,7721,33253203145.607094,1456.964312,,0.1887015039502655
163,1576619091,1577051091,1576619091,1577051071,21601,7741,21714983859.320538,1454.655575,,0.1879157182534556
164,1577051091,1577483091,1577051091,1577483071,21601,6829,7513426208.91719,1278.618969,,0.1872337046419681
165,1577483091,1577915091,1577483091,1577915071,21601,6553,5582485975.749113,1236.216259,,0.1886489026400122
166,1577915091,1578347091,1577915091,1578347071,21601,6702,7832404072.412257,1263.691615,,0.1885544039092808
167,1578347091,1578779091,1578347091,1578779071,21601,8050,9863061759.987812,1518.035379,,0.1885758234782608
168,1578779091,1579211091,1578779091,1579211071,21601,9057,10413242912.834694,1714.484244,,0.1892993534282875
169,1579211091,1579643091,1579211091,1579643071,21601,10005,10583462927.53817,1901.803736,,0.1900853309345327
170,1579643091,1580075091,1579643091,1580075071,21601,7922,7376066177.039014,1479.203577,,0.1867209766473112
171,1580075091,1580507091,1580075091,1580507071,21601,13337,32017048640.320423,6842.436272,,0.5130416339506636
172,1580507091,1580939091,1580507091,1580939071,21601,14296,12022981784.409708,2752.68625,,0.19254940193061
173,1580939091,1581371091,1580939091,1581371071,21601,15507,11942041305.8216,2966.570176,,0.1913052283484878
174,1581371091,1581803091,1581371091,1581803071,21577,18469,11484493980.898016,3555.197049,,0.192495373274135
175,1581803091,1582235091,1581803091,1582235071,21600,16076,8057409088.373509,3126.918667,,0.1945085013062951
176,1582235091,1582667091,1582235091,1582667071,21600,12985,10750973153.606234,2456.842065,,0.1892061659607239
177,1582667091,1583099091,1582667091,1583099071,21600,14822,12073646064.962162,2922.577027,,0.1971783178383483
178,1583099091,1583531091,1583099091,1583531071,21600,12981,8584970239.638927,2595.486425,,0.1999450292735536
179,1583531091,1583963091,1583531091,1583963071,21597,13819,12684795100.565428,2754.237879,,0.1993080453723134
180,1583963091,1584395091,1583963091,1584395071,21600,20678,47472357072.6222,4279.166907,,0.2069429783828223
181,1584395091,1584827091,1584395091,1584827071,21600,15283,24092753799.250072,3207.625486,,0.2098819267159589
182,1584827091,1585259091,1584827091,1585259071,21600,13497,21680014929.40509,2825.468616,,0.2093404916648144
183,1585259091,1585691091,1585259091,1585691071,21600,13313,26043893489.597256,2872.1757,,0.2157421843311049
184,1585691091,1586123091,1585691091,1586123071,21600,11204,9989748000.010471,2642.316241,,0.2358368654944662
185,1586123091,1586555091,1586123091,1586555071,21587,12246,14440991529.814812,2915.517825,,0.2380791952474277
186,1586555091,1586987091,1586555091,1586987071,21600,10496,8306421508.309475,2626.85858,,0.2502723494664634
187,1586987091,1587419091,1586987091,1587419071,21596,11565,10679638488.113735,3298.397978,,0.2852051861651535
188,1587419091,1587851091,1587419091,1587851071,21600,15360,18034142687.78853,4233.45767,,0.2756157337239583
189,1587851091,1588283091,1587851091,1588283071,21597,19738,27176074280.231903,5268.428284,,0.2669180405309555
190,1588283091,1588715091,1588283091,1588715071,21600,15252,9777757888.587503,4319.180415,,0.2831878058615263
191,1588715091,1589147091,1588715091,1589147071,21600,17354,9214549967.455776,5057.763378,,0.2914465470784833
192,1589147091,1589579091,1589147091,1589579071,21599,16378,8239077070.090019,4974.463284,,0.3037283724508487
193,1589579091,1590011091,1589579091,1590011071,21600,16181,16116221449.500788,5229.589091,,0.3231931951671714
194,1590011091,1590443091,1590011091,1590443071,21598,16891,11991948056.582293,5385.130954,,0.3188165859925404
195,1590443091,1590875091,1590443091,1590875071,21559,21949,28601404893.392,6732.064087,,0.3067139317053168
196,1590875091,1591307091,1590875091,1591307071,21600,32469,166020080883.15308,9463.587217,,0.2914653120514953
197,1591307091,1591739091,1591307091,1591739071,21597,23588,57201766088.404335,9487.793013,,0.4022296512209598
198,1591739091,1592171091,1591739091,1592171071,21600,21776,22808675336.715076,6701.550912,,0.3077493989713445
199,1592171091,1592603091,1592171091,1592603071,21589,20370,49858212970.32606,6604.336118,,0.3242187588610702
200,1592603091,1593035091,1592603091,1593035071,21600,18045,29643885158.52283,6282.045146,,0.3481321776669437
201,1593035091,1593467091,1593035091,1593467071,21543,18234,26674498981.355724,6496.336435,,0.3562759918284524
202,1593467091,1593899091,1593467091,1593899071,21596,25411,75732674782.74948,8244.061985,,0.3244288687969777
203,1593899091,1594331091,1593899091,1594331071,21600,36127,98879984772.34187,10964.300497,,0.3034932459656212
204,1594331091,1594763091,1594331091,1594763071,21600,24082,41251310917.349205,7890.836804,,0.3276653435761149
205,1594763091,1595195091,1594763091,1595195071,21600,21935,37650161480.681335,7843.256241,,0.3575680985183497
206,1595195091,1595627091,1595195091,1595627071,21591,20166,18077465252.157795,7377.174619,,0.3658224049885947
207,1595627091,1596059091,1595627091,1596059071,21544,27210,152024071569.03772,8077.34891,,0.2968522201396545
208,1596059091,1596491091,1596059091,1596491071,21556,53708,18082439244.006683,10670.212208,,0.1986708164146868
209,1596491091,1596923091,1596491091,1596923071,21570,36916,156423261664.86887,7666.346424,,0.2076700190703218
210,1596923091,1597355091,1596923091,1597355071,21547,36267,107200143334.61244,7770.532273,6057875150.904311,0.2142590308820691
211,1597355091,1597787091,1597355091,1597787068,21315,29083,66089740942.39711,6517.886228,10177811974.822905,0.2241132698827493
212,1597787091,1598219091,1597787091,1598219066,21280,24691,39331228906.60465,5578.218279,12106602864.871836,0.2259211161556842
213,1598219091,1598651091,1598219091,1598651065,21442,29348,28704281756.58812,7100.593256,12758829109.78435,0.241944706828404
214,1598651091,1599083091,1598651091,1599083064,21452,32374,67884126853.66413,7501.833746,13382718156.097189,0.2317240299623154
215,1599083091,1599515091,1599083091,1599515063,21572,32538,62380614021.09675,8110.049274,13864141914.846088,0.2492485485893417
216,1599515091,1599947091,1599515098,1599947063,21217,23374,22711441812.8787,5935.808427,14396547846.613762,0.2539491925643878
217,1599947091,1600379091,1599947091,1600379062,20728,20379,11972700977.894917,5075.696054,14776118270.46974,0.2490650205603808
218,1600379091,1600811091,1600379091,1600811062,20511,18439,18884590747.536743,4547.068473,14987431249.067863,0.2466006005206356
219,1600811091,1601243091,1600811091,1601243060,21427,20239,19083308578.055496,4970.020516,15657991508.07296,0.2455665060526705
220,1601243091,1601675091,1601243091,1601675059,21627,19534,12708523642.248888,5135.934788,15859988643.309526,0.2629228416095013
221,1601675091,1602107091,1601675091,1602107062,21547,16365,14661316268.620604,3913.521858,16064098678.859669,0.2391397407882676
222,1602107091,1602539091,1602107091,1602539065,21466,19298,16854292321.003504,4499.540105,16371244779.82402,0.2331609547621515
223,1602539091,1602971091,1602539091,1602971056,21374,18098,15617686728.839956,4423.831286,16743231852.830276,0.2444375779644159
224,1602971091,1603403091,1602971091,1603403068,21324,17527,13228947318.478115,4124.509016,16980957495.73468,0.235323159468249
225,1603403091,1603835091,1603403091,1603835086,21298,17856,7849943934.049314,4203.312194,17096070009.862837,0.2354005484991039
226,1603835091,1604267091,1603835091,1604267052,21439,19122,9868535708.539797,4393.72089,17208683641.999023,0.2297730828365233
227,1604267091,1604699091,1604267091,1604699054,21125,22103,28722505796.671917,4962.718967,17260167504.454384,0.2245269405510564
228,1604699091,1605131091,1604699091,1605131087,21171,31103,10233796013.39034,6777.734939,17348591975.63094,0.2179125788187634
229,1605131091,1605563091,1605131091,1605563047,21229,23712,8256404575.72957,5316.818724,19510155416.09184,0.2242248112348178
230,1605563091,1605995091,1605563091,1605995082,21244,31432,13518402099.265951,7168.655203,19636382936.67075,0.2280686944196996
231,1605995091,1606427091,1605995097,1606427043,21089,48347,19692027707.98839,11110.141677,19907907769.885464,0.2298000222764597
232,1606427091,1606859091,1606427091,1606859062,21149,45940,32641203268.912693,10681.640345,19977393570.330784,0.2325128503482803
233,1606859091,1607291091,1606859091,1607291078,21065,35641,19630936332.61593,8173.077946,19917513128.73384,0.2293167404393816
234,1607291091,1607723091,1607291091,1607723090,21046,33953,23265770078.694237,8006.069382,20094293921.511208,0.2357985857508909
235,1607723091,1608155091,1607723101,1608155028,21203,34170,20015673252.06776,8115.520823,20218109006.931644,0.2375042675738952
236,1608155091,1608587091,1608155091,1608587046,20915,32737,17576846558.243103,7838.075567,20387817635.42465,0.2394255908299477
237,1608587091,1609019091,1608587091,1609019073,21440,38103,92200457858.40208,8966.79163,20478038471.514496,0.2353303317324095
238,1609019091,1609451091,1609019095,1609451035,21245,49613,45425627530.17534,11693.879197,20598560072.62085,0.235701916775845
239,1609451091,1609883091,1609451091,1609883063,21258,59712,76530562322.92227,14161.113125,21356205100.35959,0.2371569052284298
240,1609883091,1610315091,1609883091,1610315046,21428,85930,80832930648.9058,20069.060896,21440591255.20776,0.2335512730827417
241,1610315091,1610747091,1610315101,1610747088,21399,64234,58439001397.20594,14690.681083,21632982170.7612,0.2287056867546782
242,1610747091,1611179091,1610747091,1611179076,21418,74057,63148817438.049614,16905.060417,21755094259.019943,0.2282709320793443
243,1611179091,1611611091,1611179091,1611611090,21586,58682,44531349200.446205,13368.193376,21849089085.26037,0.2278073919770968
244,1611611091,1612043091,1611611091,1612043078,21491,59591,29427703690.683743,13516.792921,21956206748.62367,0.2268260797939286
245,1612043091,1612475091,1612043091,1612475007,21485,88703,52975770722.09866,20044.91851,22086904770.458817,0.2259779095408272
246,1612475091,1612907091,1612475091,1612907067,21327,142367,143252676044.4655,31528.825577,22190441040.634087,0.2214616138360715
247,1612907091,1613339091,1612907091,1613339043,21508,176490,75933109763.03644,38567.858687,22275517879.395325,0.218527161238597
248,1613339091,1613771091,1613339110,1613771087,21356,151466,71532250660.13457,32686.545278,22376311335.660824,0.2158012047456194
249,1613771091,1614203091,1613771091,1614203073,21376,185379,66651221761.61328,40504.763143,22369166376.49289,0.2184970419680762
250,1614203091,1614635091,1614203091,1614635084,20991,192598,48999055712.56414,41831.556274,23034831199.28583,0.2171962132213211
251,1614635091,1615067091,1614635091,1615067086,21324,157658,26435938740.91093,34501.532516,23028427838.128765,0.2188378167679407
252,1615067091,1615499091,1615067091,1615499059,21085,139593,19251481091.16692,30758.641553,22675992136.32681,0.220345157371788
253,1615499091,1615931091,1615499091,1615931089,20922,145874,28210159664.107887,32480.018212,22807568628.326603,0.2226580350987838
254,1615931091,1616363091,1615931091,1616363062,20713,195957,40616180001.5704,43609.040032,22929461287.895664,0.2225439256163341
255,1616363091,1616795091,1616363091,1616795076,21268,168880,18208826054.09709,36360.919507,22753958467.47496,0.2153062500414495
256,1616795091,1617227091,1616795091,1617227085,21059,143164,11176034066.960367,30633.912084,22488877070.796906,0.2139777603587494
257,1617227091,1617659091,1617227300,1617659086,20836,183620,20749457990.041664,39170.561174,22670949084.3648,0.2133240451693715
258,1617659091,1618091091,1617659146,1618091079,21021,172429,19169937408.721745,37979.106429,22760955541.834538,0.2202593904099658
259,1618091091,1618523091,1618091226,1618523077,20796,201504,21371941614.90596,43782.816741,22791959380.28564,0.217280137074202
260,1618523091,1618955091,1618524537,1618955067,21047,216117,29480393439.213715,46907.924914,22796009141.1344,0.2170487509728526
261,1618955091,1619387091,1618955105,1619387085,21087,194471,25993539291.713985,41390.363617,22716225550.169724,0.2128356599030189
262,1619387091,1619819091,1619387221,1619819084,21194,178588,19373557331.87668,37980.832313,22755688720.3403,0.2126729249053687
263,1619819091,1620251091,1619819127,1620251089,21111,227361,18055591131.448315,48870.395213,22726917708.873363,0.2149462538122193
264,1620251091,1620683091,1620251247,1620683077,21127,269945,32875005392.569,57777.59462,22955953661.89681,0.2140346908444312
265,1620683091,1621115091,1620683131,1621115080,21427,309042,37863332126.85455,65968.954839,23026399223.41152,0.2134627488787931
266,1621115091,1621547091,1621115396,1621547078,21404,317020,43872580429.488174,68417.65627,23083634214.117687,0.2158149525897419
267,1621547091,1621979091,1621547091,1621979085,21702,243673,35306324336.04888,52698.878516,23021654510.41947,0.2162688460190501
268,1621979091,1622411091,1621979109,1622411069,21413,208164,26570138231.832077,44159.912128,22843314790.026737,0.2121400056109606
269,1622411091,1622843091,1622411117,1622843072,21509,197254,16574349843.34755,41817.19037,22786770256.604958,0.2119966660752126
270,1622843091,1623275091,1622843183,1623275038,21395,174334,12213404538.685057,36489.177917,22893778548.07352,0.2093061474927438
271,1623275091,1623707091,1623275098,1623707059,21410,145244,12686700012.872149,30802.442909,22970909569.111347,0.2120737717840324
272,1623707091,1624139091,1623707123,1624139087,21499,135373,10640794327.820158,29593.210504,23020000415.78061,0.2186049692627037
273,1624139091,1624571091,1624139124,1624571089,21464,150752,15740586909.359854,32570.360903,23075664958.74657,0.2160525956736892
274,1624571091,1625003091,1624571155,1625003071,21521,133041,11764235372.205744,28650.900551,23094302016.77596,0.215353917596831
275,1625003091,1625435091,1625003255,1625435086,21505,136339,13402253806.4747,29088.470734,23006172979.54028,0.2133539980049729
276,1625435091,1625867091,1625435146,1625867083,21298,144737,12581437590.766031,30139.500685,23092420021.15389,0.2082363230203748
277,1625867091,1626299091,1625867167,1626299088,21323,135191,9892737538.002396,28508.156761,23196615273.348568,0.2108731850566975
278,1626299091,1626731091,1626299100,1626731079,21352,133567,7769775574.167205,28124.230492,23196379717.22832,0.210562717527533
279,1626731091,1627163091,1626731219,1627163081,21404,131829,10662572699.883986,27651.228864,23210733595.25732,0.2097507290808547
280,1627163091,1627595091,1627163136,1627595084,21204,137225,13309464381.9825,31570.674668,23230827525.68363,0.2300650367498633
281,1627595091,1628027091,1627595198,1628027082,21411,141713,9992892114.370169,30198.103953,23254470605.645237,0.2130933926527559
282,1628027091,1628459091,1628027091,1628459086,21452,157622,10815888045.778149,33861.288926,23244660857.35976,0.2148259058126403
283,1628459091,1628891091,1628459168,1628891055,21412,224809,15130164533.985027,48375.612297,23277148789.435528,0.2151853898064579
284,1628891091,1629323091,1628891161,1629323088,21517,243991,15100874235.468409,53114.389397,23275724668.511208,0.2176899533056547
285,1629323091,1629755091,1629323128,1629755082,21201,325005,29360018343.68884,69484.110281,23159940155.01012,0.2137939732650267
286,1629755091,1630187091,1629755175,1630187087,21504,363721,28461885467.94669,80116.415019,23141094607.453728,0.2202688737218912
287,1630187091,1630619091,1630187230,1630619085,21065,401343,74754307451.58917,86536.781869,23041097075.07681,0.2156180171798187
288,1630619091,1631051091,1630619101,1631051088,21136,475383,120564869080.76208,99992.854778,23136223153.98839,0.2103416714060031
289,1631051091,1631483091,1631051131,1631483087,21195,501443,30450853050.12942,105082.493097,23311196777.534718,0.2095601954698739
290,1631483091,1631915091,1631483266,1631915089,21320,423156,28653067841.49837,88193.252097,23253494675.75528,0.2084178224980858
291,1631915091,1632347091,1631915193,1632347076,21261,415399,27614827533.99343,88508.48699,23219858534.473045,0.2130686087111428
292,1632347091,1632779091,1632347163,1632779076,21264,448774,19991338650.818977,94575.307119,23325839206.37244,0.2107415026694951
293,1632779091,1633211091,1632779213,1633211077,21243,449404,22488409375.43506,92010.214941,23395112387.18588,0.2047383088290268
294,1633211091,1633643091,1633211411,1633643071,20960,411754,19661047455.301685,85521.391572,23382668673.54658,0.2077002083088445
295,1633643091,1634075091,1633643099,1634075084,21081,366276,17543807969.31828,78295.367024,23411124422.16429,0.2137605713287248
296,1634075091,1634507091,1634075099,1634507054,20849,355932,15479627250.831112,76580.372441,23445774697.79528,0.2151545026606205
297,1634507091,1634939091,1634507235,1634939083,21168,355992,16636669338.854477,78382.709752,23478023193.513016,0.2201810988786264
298,1634939091,1635371091,1634939263,1635371085,20840,467116,19151222141.807743,98589.384465,23511990337.86572,0.2110597463263943
299,1635371091,1635803091,1635371185,1635803085,20982,589639,33269848016.27402,124341.767708,23564534162.88316,0.2108777874394332
300,1635803091,1636235091,1635803345,1636235075,21225,391299,41397840177.26648,88206.19524,23882888816.746304,0.2254189130051444
301,1636235091,1636667091,1636235187,1636667055,20989,451157,33148201915.900394,97036.953903,23857504839.45497,0.2150846687583258
302,1636667091,1637099091,1636667212,1637099054,21203,1033931,39411705509.21497,202279.497524,23848572589.18931,0.1956411960991594
303,1637099091,1637531091,1637099105,1637531063,20948,488235,31808650630.788616,103395.856418,23849267970.809685,0.2117747732505862
304,1637531091,1637963091,1637531095,1637963019,21095,1566974,41119279092.66954,308293.830822,23856125875.17072,0.1967447008195413
305,1637963091,1638395091,1637963118,1638395080,21025,769219,31316579883.45393,156264.770889,23854747611.964256,0.2031473103095477
306,1638395091,1638827091,1638395191,1638827090,21141,531293,38644324751.00676,114439.696442,23836977371.26127,0.2153984645798081
307,1638827091,1639259091,1638827126,1639259037,20910,604359,29271525504.98227,127647.415455,23854464200.39632,0.211211242746447
308,1639259091,1639691091,1639259150,1639691038,21033,427399,18080504620.76224,103811.542089,23828103259.41232,0.242891401451571
309,1639691091,1640123091,1639691146,1640123085,20804,553388,13560377046.033274,134784.675796,23765024934.94816,0.2435627006657173
310,1640123091,1640555091,1640123166,1640555076,21045,475918,12210427846.799864,116225.49053,23777625558.169827,0.2442132689454906
311,1640555091,1640987091,1640555100,1640987086,21090,452652,12815272307.603394,107642.266965,23732237106.487225,0.237803581923862
312,1640987091,1641419091,1640987098,1641419080,20821,501383,12414570555.17862,135522.429378,23741900713.307323,0.270297216654733
313,1641419091,1641851091,1641419131,1641851073,20267,643762,12799132332.645464,182577.641027,23726880119.033848,0.2836104663322781
314,1641851091,1642283091,1641851208,1642283043,20390,643632,20300614123.659386,192127.658577,23604987896.1325,0.2985054481085465
315,1642283091,1642715091,1642283187,1642715078,20182,906299,31390388454.24313,269870.823296,23537012833.08386,0.2977723944261221
316,1642715091,1643147091,1642715099,1643147090,20141,841394,53565358148.25763,252763.162151,23549369658.121788,0.3004099888411374
317,1643147091,1643579091,1643147122,1643579071,20478,756297,37775838105.31632,252123.552102,23582836244.979862,0.333365796905184
318,1643579091,1644011091,1643579149,1644011066,20284,655198,34544504178.80706,233870.176809,23583277486.36116,0.3569458038776064
319,1644011091,1644443091,1644011126,1644443043,20414,650534,40813881112.218506,242157.748335,23565309681.26864,0.3722445688234589
320,1644443091,1644875091,1644443146,1644875071,20284,601903,105085917821.17772,233553.475002,23561047526.5826,0.3880251053774445
321,1644875091,1645307091,1644875100,1645307063,20096,643509,100258938410.61948,243949.058349,23537719498.08336,0.3790919137867535
322,1645307091,1645739091,1645307101,1645739069,20393,627687,94279133813.7789,241654.93796,23504746248.174263,0.3849927399484138
323,1645739091,1646171091,1645739323,1646171082,20573,559393,110428025685.07738,226099.862852,23487356050.8944,0.4041878658688971
324,1646171091,1646603091,1646171152,1646603085,20380,557373,164146022297.82028,218116.42193,23354498909.62827,0.3913293645906781
325,1646603091,1647035091,1646603128,1647035087,20541,460050,215789830534.00677,197003.983114,23417671451.022007,0.4282229825323334
326,1647035091,1647467091,1647035290,1647467048,20534,592413,197989314692.76425,226748.921164,23301004853.802288,0.382754803091762
327,1647467091,1647899091,1647467106,1647899050,20346,568933,282038373010.0238,229617.380821,23258804977.034065,0.4035930080009421
328,1647899091,1648331091,1647899116,1648331015,20579,550807,227059210495.1411,227208.702587,23216173396.12597,0.412501479805086
329,1648331091,1648763091,1648331091,1648763075,20353,546489,305422090960.28625,232457.560903,24598636428.76244,0.4253654893383032
330,1648763091,1649195091,1648763194,1649195075,20685,499577,227835307465.81277,215991.479619,24587384093.653744,0.4323487262604163
331,1649195091,1649627091,1649195102,1649627082,20704,450346,234802085034.38443,176480.861305,24665771640.296284,0.3918783808560529
332,1649627091,1650059091,1649627179,1650059082,20391,584705,225986048270.9099,211816.288426,24727842768.797005,0.3622618045441719
333,1650059091,1650491091,1650059248,1650491088,20290,573296,167258482644.60602,209376.078021,24714063915.93144,0.3652146151743601
334,1650491091,1650923091,1650491115,1650923090,20232,515610,131645454661.32243,192921.162356,24776127551.439804,0.374161017738213
335,1650923091,1651355091,1650923107,1651355076,20446,584346,138040819555.98096,205828.054439,24769119181.72964,0.3522366105680538
336,1651355091,1651787091,1651355116,1651787083,20500,529384,154117532952.8248,192024.791502,24767062828.320557,0.3627325183647409
337,1651787091,1652219091,1651787250,1652219072,20794,478517,149145009689.1926,173248.817607,24753443176.75848,0.3620536315470505
338,1652219091,1652651091,1652219210,1652651076,20640,542058,155826482334.3974,172421.937813,24621517986.831383,0.318087617585203
339,1652651091,1653083091,1652651493,1653082985,20678,488198,129202035917.97388,168281.312815,24682659914.20452,0.3446988984285065
340,1653083091,1653515091,1653083155,1653515082,20670,435077,113925539277.15115,160002.862256,24476700813.5274,0.3677575745350823
341,1653515091,1653947091,1653515166,1653947087,20708,477842,111703429187.06212,169007.597834,24555840771.807743,0.3536892902549378
342,1653947091,1654379091,1653947172,1654379048,20990,470464,117853542835.57191,163696.811862,24660991673.767487,0.3479475833687593
343,1654379091,1654811091,1654379116,1654811087,20994,463239,106038169691.01823,162340.78218,24538091587.04578,0.3504471389066982
344,1654811091,1655243091,1654811196,1655243075,20776,394771,111074952034.8177,138919.762103,24602095926.15125,0.3518996129477595
345,1655243091,1655675091,1655243106,1655675079,21030,339988,112014580789.76416,121086.316506,24677704327.308247,0.3561487949751167
346,1655675091,1656107091,1655675299,1656107068,20578,319881,85677697087.9986,116216.272055,24637590261.78971,0.3633109564337988
347,1656107091,1656539091,1656107100,1656539082,19345,346770,84116477098.12036,122720.682635,24669825450.45488,0.3538964807653488
348,1656539091,1656971091,1656539132,1656971025,19978,335679,105527891207.59462,123792.27775,24670614381.38144,0.3687817163123102
349,1656971091,1657403091,1656971130,1657403087,20972,358347,78723297205.23784,125541.6787,24435357519.56708,0.3503355091573252
350,1657403091,1657835091,1657403134,1657835082,20958,315748,87420866686.86467,115135.305638,24444238585.04709,0.364643024304192
351,1657835091,1658267091,1657835136,1658267047,20893,389952,124871344043.71783,141792.415732,24456415918.186226,0.3636150493701788
352,1658267091,1658699091,1658267098,1658699057,20575,380463,81655274996.00124,134611.424626,24441961174.746536,0.3538095021749815
353,1658699091,1659131091,1658699220,1659131071,20232,333919,106911651322.23145,121313.174941,24453012636.35491,0.3633012046065064
354,1659131091,1659563091,1659131091,1659563090,20498,397134,82328003841.96748,146116.971676,24463445965.412727,0.3679286378804131
355,1659563091,1659995091,1659563102,1659995086,20825,340089,60625504814.13985,127309.306074,24525857119.151543,0.3743411462117269
356,1659995091,1660427091,1659995100,1660427086,20782,323867,57510233170.74751,116037.863239,24492895353.9904,0.3582886284771218
357,1660427091,1660859091,1660427213,1660859082,20692,342561,55010016772.99168,125139.8113,24507422389.303696,0.3653066499105269
358,1660859091,1661291091,1660859098,1661291086,21169,341618,53530066867.752144,122422.588869,24552945219.53224,0.3583610608018313
359,1661291091,1661723091,1661291152,1661722959,21023,320500,52059343025.58315,113844.382083,24623552540.37233,0.3552086804461778
360,1661723091,1662155091,1661723132,1662155068,21226,319465,66982837685.52581,116644.39504,24636399918.28603,0.3651241764825568
361,1662155091,1662587091,1662155390,1662587086,21242,326137,62121616150.743416,116245.201535,24732308831.147808,0.356430584493633
362,1662587091,1663019091,1662587765,1663019087,21266,297134,50709125607.14805,105632.674757,24724295922.90816,0.3555051752980137
363,1663019091,1663451091,1663019594,1663451061,21361,271609,52367504905.0671,96402.895987,24782466023.480087,0.3549326273687543
364,1663451091,1663883091,1663451101,1663883087,20964,310613,48650561375.237885,108558.934873,25054390221.573067,0.3494990063938084
365,1663883091,1664315091,1663883187,1664315076,21027,295792,44651234350.46933,104151.206114,25043681533.0909,0.3521096111930005
366,1664315091,1664747091,1664315111,1664747066,21098,348994,46387092663.27702,118397.841967,25028585125.722443,0.3392546633093978
367,1664747091,1665179091,1664747157,1665179071,20902,316483,41268329352.81152,108742.62335,25065995673.156597,0.3435970442330235
368,1665179091,1665611091,1665179145,1665611076,21103,324010,38563980412.393616,107883.932533,25069171797.357765,0.3329648237184037
369,1665611091,1666043091,1665611108,1666043074,21048,385470,53997777806.67519,128070.030085,25153834365.108788,0.3322438324253509
370,1666043091,1666475091,1666043308,1666475064,21170,457692,48437550491.04957,152923.380161,25170337993.638844,0.3341185342129641
371,1666475091,1666907091,1666475183,1666907070,20982,482453,50348309722.09586,156667.997533,25107902330.817417,0.3247321449612708
372,1666907091,1667339091,1666907095,1667339075,21095,428636,51207060825.72588,135182.484587,25087226705.2342,0.3153782803754235
373,1667339091,1667771091,1667339091,1667771086,21095,417406,49607685362.39119,132842.80391,25090663550.263367,0.3182580123668562
374,1667771091,1668203091,1667771091,1668203087,20881,363881,75810590162.75119,113974.926022,25097784395.987465,0.3132203275851171
375,1668203091,1668635091,1668203309,1668635078,20731,367258,88897116679.3956,108476.815659,25174903471.20424,0.2953695104231902
376,1668635091,1669067091,1668635202,1669067059,20525,394766,66095389145.22604,113192.136071,25272403210.023563,0.2867322314257053
377,1669067091,1669499091,1669067406,1669499068,21014,427507,91517863973.33627,130798.478937,25197315592.2724,0.3059563444271088
378,1669499091,1669931091,1669499136,1669931039,21006,341268,58501201469.56319,106316.486792,25116738054.461617,0.3115337118979804
379,1669931091,1670363091,1669931129,1670363035,20948,338491,64897975428.998695,109851.370234,25058875481.57253,0.3245326175112484
380,1670363091,1670795091,1670363107,1670795085,21270,331323,48309292267.59744,105673.70402,25065309972.20704,0.3189446673487805
381,1670795091,1671227091,1670795479,1671227044,20976,418468,50719861031.527084,125323.734583,25090595813.788586,0.299482241373295
382,1671227091,1671659091,1671227176,1671659080,21186,364530,47645950459.49573,118921.741629,25079111896.910088,0.3262330717060324
383,1671659091,1672091091,1671659135,1672091086,20917,315814,38696021442.13403,108281.387091,25226159003.72724,0.3428644299841045
384,1672091091,1672523091,1672091128,1672523037,20998,330287,43353179952.72283,115005.681766,25363740356.767788,0.3481992381353186
385,1672523091,1672955091,1672523095,1672955082,21174,360365,46236384154.63424,127566.331717,25388654503.84814,0.3539920128675093
386,1672955091,1673387091,1672955091,1673387062,20893,428509,53435171650.78818,144027.011453,25107872285.168545,0.336111987036445
387,1673387091,1673819091,1673387168,1673819089,21065,389223,60411874080.33501,126905.468922,25418973672.43577,0.3260482266515596
388,1673819091,1674251091,1673819290,1674251079,21194,346785,60398689652.000725,117656.039688,25427056571.85629,0.3392766114105282
389,1674251091,1674683091,1674251318,1674683073,20811,338858,60501983019.47263,115998.871359,25480925138.421432,0.3423229534465764
390,1674683091,1675115091,1674683168,1675115077,20916,351917,70899247389.82462,118283.250151,25522388224.360752,0.3361112141527689
391,1675115091,1675547091,1675115175,1675547077,21084,441211,92524788844.42668,146394.866089,25528807081.25227,0.3318023940676909
392,1675547091,1675979091,1675547334,1675979074,20579,403692,107395985749.1775,134519.82837,25527915779.76133,0.333223914196962
393,1675979091,1676411091,1675979192,1676411090,20821,342053,95262571199.52414,110204.364303,25470229362.73964,0.3221850540793385
394,1676411091,1676843091,1676411176,1676843083,20553,300303,120057607323.65224,98381.165945,25488557413.704018,0.3276063374158766
395,1676843091,1677275091,1676843099,1677275088,21034,289491,109977568455.7787,92866.059325,25227525931.3274,0.3207908339982935
396,1677275091,1677707091,1677275262,1677707078,21174,308357,100466857069.9825,95935.934203,25227033187.950768,0.3111196898497521
397,1677707091,1678139091,1677707154,1678139090,21003,287849,117709951461.16992,94512.063494,25226742158.734287,0.3283390371132086
398,1678139091,1678571091,1678139193,1678571049,21190,277507,127361998599.9056,91606.923726,25191424718.540848,0.3301067134378592
399,1678571091,1679003091,1678571296,1679003074,20970,306486,145160573958.5258,100057.069132,24933592431.8102,0.3264653822099541
400,1679003091,1679435091,1679003318,1679435074,21062,335752,141102954940.9817,107737.939769,24723813844.048218,0.3208854743054397
401,1679435091,1679867091,1679435115,1679867065,20869,302002,130682175038.506,98420.247794,24624938957.04313,0.3258927020152184
402,1679867091,1680299091,1679867172,1680299084,21128,253864,124860622322.3301,81843.315874,24636696730.20727,0.3223903975120537
403,1680299091,1680731091,1680299389,1680731071,20893,276814,130837682844.46376,89160.098747,24548497878.81024,0.3220938924584739
404,1680731091,1681163091,1680731137,1681163049,20828,242851,120639852071.60144,81840.980787,24344075637.96988,0.3370007979666544
405,1681163091,1681595091,1681163136,1681595083,20811,288208,154870592730.05057,95730.080127,24343646388.23824,0.3321562209480652
406,1681595091,1682027091,1681595194,1682027085,20954,268036,136142077216.28407,89563.158021,23852951996.36424,0.3341460028540942
407,1682027091,1682459091,1682027182,1682459072,21107,266509,121822429953.3686,89902.825527,23803294025.77496,0.3373350450716486
408,1682459091,1682891091,1682459195,1682891082,21176,247207,125446553715.56744,81606.583481,23823562870.111687,0.3301143716844587
409,1682891091,1683323091,1682891241,1683323053,21000,308718,140466376407.1993,112970.641738,23308171278.006084,0.3659347421854249
410,1683323091,1683755091,1683323110,1683755067,20933,393568,153813088313.5591,144531.788134,23407071901.315784,0.3672346027471745
411,1683755091,1684187091,1683755175,1684187081,21418,320430,123110712071.52068,113966.01903,23152102274.859085,0.3556658834378803
412,1684187091,1684619091,1684187170,1684619019,20966,327949,156445485958.93488,117744.837387,23113327351.01009,0.3590339881719414
413,1684619091,1685051091,1684619256,1685051073,21252,405070,220004855460.0464,149969.305714,23094499841.875988,0.3702305915372651
414,1685051091,1685483091,1685051192,1685483082,21215,444338,330158448807.0427,164499.006117,22295045136.54965,0.3702114294005915
415,1685483091,1685915091,1685483129,1685915090,20820,490273,340656360587.1288,178691.909769,22038246193.166985,0.3644743026211927
416,1685915091,1686347091,1685915217,1686347087,21143,459276,271718768316.50183,169559.835776,22759595184.07673,0.3691894106724496
417,1686347091,1686779091,1686347246,1686779068,20947,375738,229341415829.83572,134243.11007,22842302638.51472,0.3572785027599018
418,1686779091,1687211091,1686779094,1687211035,21065,328653,211911559963.8282,120256.172172,22760011177.229523,0.3659062055481009
419,1687211091,1687643091,1687211121,1687643079,20685,358311,213187909625.86844,128880.013669,22729170693.67572,0.359687572162172
420,1687643091,1688075091,1687643105,1688075074,20648,381422,209606010946.8451,141401.363727,22735339826.891197,0.3707215727645495
421,1688075091,1688507091,1688075161,1688507060,20906,369972,193865484635.0641,135594.983416,22754191715.16415,0.3665006633366849
422,1688507091,1688939091,1688507105,1688939086,21025,393560,196015338300.3416,146019.38434,22738857806.90147,0.3710219136599247
423,1688939091,1689371091,1688939091,1689371045,20897,440254,194232546830.40372,158532.932441,22773418178.32028,0.3600942465962831
424,1689371091,1689803091,1689371098,1689803079,21034,357976,151691098747.4912,126583.595594,22711253346.60045,0.3536091681956332
425,1689803091,1690235091,1689803117,1690234996,21053,363149,180335848544.32104,132372.572683,22676707531.012127,0.3645131135787239
426,1690235091,1690667091,1690235142,1690667069,20989,354139,151089935367.66446,126904.791906,22732516900.65616,0.3583474056966332
427,1690667091,1691099091,1690667143,1691099053,21084,324397,141010517496.25955,111366.610281,22579357645.29597,0.3433034531176305
428,1691099091,1691531091,1691099095,1691531049,21048,343664,142824875254.00656,123465.279122,22632865782.29296,0.3592616018029238
429,1691531091,1691963091,1691531112,1691963066,21104,268372,121040973449.3193,95910.802077,22662176862.96544,0.3573800622904028
430,1691963091,1692395091,1691963103,1692395052,21088,267731,120335795297.3401,92901.719953,22686201305.546085,0.3469965000429535
431,1692395091,1692827091,1692395093,1692827056,20919,249407,105338733215.99304,85200.251438,22674711468.93431,0.34161130777404
432,1692827091,1693259091,1692827092,1693259081,20293,231345,101093527999.53676,81092.110169,22695615637.52208,0.350524585225529
433,1693259091,1693691091,1693259105,1693691038,20935,291702,111076993654.8724,97174.235719,22739705233.017048,0.333128452046952
434,1693691091,1694123091,1693691109,1694123069,20985,235481,102036486717.44331,80843.271956,22870877219.041008,0.3433112308678832
435,1694123091,1694555091,1694123130,1694555072,21020,243509,102492331438.34686,80723.944069,22726035890.487087,0.3315029180399903
436,1694555091,1694987091,1694555110,1694987069,21261,226914,89406924974.29742,76709.753701,22679217241.348022,0.3380565046713732
437,1694987091,1695419091,1694987098,1695419025,21254,223933,94767063051.586,75841.071661,22701589918.36636,0.338677513635775
438,1695419091,1695851091,1695419105,1695851062,20983,279901,119377108087.2582,94489.721927,22737914126.99512,0.3375826521770197
439,1695851091,1696283091,1695851109,1696283073,21208,297094,128026974823.63298,104213.625424,22801871441.552063,0.3507766074844998
440,1696283091,1696715091,1696283091,1696714998,21133,277366,128908391760.8949,95326.523505,22514867910.78004,0.3436849632074587
441,1696715091,1697147091,1696715101,1697147053,21270,269268,110824775132.69708,94166.920056,22955109945.06862,0.3497144854048754
442,1697147091,1697579091,1697147112,1697579041,20980,291447,94019551610.18248,102415.841365,22940355522.69633,0.3514046854659681
443,1697579091,1698011091,1697579140,1698011024,21156,253458,104296398565.93971,89669.876255,22988928834.088223,0.3537859379265992
444,1698011091,1698443091,1698011108,1698443048,21096,303090,125461306864.09592,104855.017036,23004649208.045948,0.3459534033983305
445,1698443091,1698875091,1698443110,1698875078,20935,274051,117250400610.06276,95508.68897,23045467808.13601,0.3485069894654645
446,1698875091,1699307091,1698875160,1699307066,21013,297360,141544009110.4988,103369.225862,23036424585.723137,0.3476231701035782
447,1699307091,1699739091,1699307150,1699739084,21213,302807,132366574591.2963,104100.341722,23015951543.513577,0.3437844624529816
448,1699739091,1700171091,1699739174,1700171024,21133,293800,118055720056.29028,102017.010232,22973647281.453945,0.3472328462627638
449,1700171091,1700603091,1700171097,1700603052,21024,284026,119279674682.16988,97799.037975,22913589651.85069,0.3443312864843359
450,1700603091,1701035091,1700603091,1701035075,20873,261863,110560620679.4662,89060.471489,22933912927.653027,0.340103303975743
451,1701035091,1701467091,1701035098,1701467050,21109,306206,111772339439.21144,100339.047463,22972937519.833023,0.327684785611647
